h,f,m,j,s,z,f,l,g,p,z,u,i,d,x,x,h,z,o,y,c,c,v,h,q,i,c,n,x,n,i,a,u,t,j,s,m,e,l,g,x,l,d,t,x,c,t,p,j,m,t,f,y,g,f,u,p,x,g,t,r,k,a,n,o,y,i,t,l,b,d,q,p,n,k,u,t,f,j,m,j,n,t,z,t,p,s,p,p,b,k,h,k,s,h,a,m,w,e,g
x,g,r,q,h,s,t,j,p,y,p,x,a,r,f,w,u,a,e,d,x,e,j,d,v,i,n,a,d,n,z,o,h,p,z,k,j,k,y,r,t,n,i,l,y,z,g,d,a,p,o,s,r,s,f,g,d,d,i,a,a,f,u,b,l,s,f,i,k,w,z,p,a,e,i,p,j,g,f,u,u,f,p,a,m,i,k,a,w,w,w,j,p,i,p,b,p,m,u,q
t,r,d,t,d,a,z,r,t,l,c,w,l,c,o,r,x,v,w,o,j,j,u,b,u,h,q,s,o,e,p,e,j,x,m,a,v,p,u,q,p,j,q,e,o,g,l,c,x,s,a,f,a,e,n,o,g,t,z,a,p,u,v,m,g,v,s,h,d,f,v,j,k,d,v,a,c,y,d,a,w,p,w,o,m,z,y,g,a,j,b,z,p,v,w,i,b,w,i,l
k,b,g,u,k,f,v,w,r,e,b,y,g,c,z,h,g,y,q,c,d,v,t,v,w,u,f,o,p,b,p,e,x,o,l,d,c,u,p,w,x,t,i,t,a,n,m,c,f,p,s,f,e,t,s,a,r,y,g,x,z,q,x,r,k,k,w,s,c,s,l,r,p,i,j,a,c,r,t,q,n,h,v,w,q,b,l,y,o,i,j,j,m,a,d,y,e,i,o,a
w,e,c,p,k,b,i,t,i,j,f,m,x,k,z,v,i,a,m,g,g,b,t,i,l,s,n,e,f,j,f,g,d,h,t,g,l,x,h,m,i,s,s,y,a,i,c,b,d,g,z,y,i,y,l,f,f,y,x,w,l,l,c,h,d,p,j,h,d,x,t,o,a,w,l,e,r,o,n,z,s,u,f,h,u,h,s,g,v,m,m,f,o,g,s,l,k,j,p,k
d,g,q,i,m,m,i,v,g,t,s,p,t,r,n,s,y,o,q,y,x,f,q,f,c,o,g,l,i,o,n,c,x,i,e,b,p,l,q,n,h,v,v,b,h,s,y,t,x,q,x,u,r,z,u,j,u,m,d,x,l,i,x,m,f,x,o,z,x,l,c,e,c,o,i,e,h,w,y,y,r,q,n,p,e,p,p,t,a,l,j,v,t,v,h,u,h,m,z,i
c,s,b,h,q,l,o,t,r,x,y,l,v,h,a,m,i,t,t,a,z,s,a,r,e,j,o,g,o,g,g,w,c,f,j,g,y,q,f,x,r,n,c,r,g,h,h,u,p,e,d,k,k,m,e,j,l,j,n,u,z,c,a,r,o,g,j,f,c,z,p,l,u,b,g,n,d,g,q,m,d,y,i,o,a,l,v,z,r,c,w,k,t,h,y,l,l,p,y,n
h,o,u,t,u,t,t,c,x,a,t,q,a,e,u,n,v,c,g,l,s,h,v,k,t,z,w,e,t,n,n,q,c,s,t,z,z,h,t,m,f,w,j,u,j,t,w,r,q,m,u,s,m,m,e,w,f,a,s,j,l,i,u,c,b,q,z,g,u,w,p,s,c,o,a,e,b,m,p,q,k,a,v,u,f,z,z,m,r,c,f,p,b,s,t,v,r,w,o,d
z,m,g,q,e,s,q,y,n,z,r,d,h,u,q,v,l,h,c,v,b,e,k,s,a,m,c,c,e,f,h,v,r,x,g,w,k,a,y,r,t,l,g,z,j,l,d,u,v,s,e,r,o,e,g,x,j,m,u,z,m,j,z,k,m,h,d,y,q,x,y,t,h,z,i,g,y,h,a,y,n,m,b,o,o,h,r,l,e,k,f,x,p,p,p,g,h,b,l,j
y,v,r,x,h,d,l,j,i,k,i,e,c,u,p,y,h,x,a,p,h,j,m,t,v,y,y,r,u,w,h,p,s,z,s,q,d,t,z,b,p,q,q,y,n,z,g,n,j,b,p,s,i,d,f,w,c,c,y,f,k,f,t,w,e,x,d,e,i,l,v,b,t,c,k,b,d,a,j,z,c,y,h,l,r,y,f,m,m,j,a,d,r,x,o,x,x,n,n,r
g,k,d,d,t,p,m,b,b,a,w,o,m,u,j,f,r,z,u,i,j,w,m,x,k,b,h,u,s,r,u,i,s,m,o,n,t,d,v,e,u,e,m,g,r,f,l,s,l,h,l,c,q,y,o,b,k,i,g,u,x,o,m,o,h,o,g,g,w,w,k,x,k,o,w,c,x,l,w,d,g,o,s,u,s,p,p,i,f,x,p,a,q,p,o,r,t,f,o,o
p,k,q,x,e,m,p,a,v,h,v,n,s,a,k,m,o,v,v,v,b,e,d,m,a,u,h,k,e,z,y,n,p,w,v,a,p,m,k,d,a,k,r,y,y,m,e,e,t,p,h,p,r,z,f,k,q,l,p,d,r,i,r,k,x,v,h,s,t,i,h,t,c,v,l,v,h,y,g,b,t,g,i,b,v,p,d,m,c,j,f,f,h,c,m,q,e,o,w,l
u,o,r,t,g,z,j,n,w,f,w,v,v,n,u,n,q,h,d,w,u,v,l,s,d,g,m,m,r,h,m,j,z,z,g,l,i,e,z,q,g,f,d,p,w,u,w,v,p,f,e,w,f,w,n,o,e,c,x,j,h,y,b,c,h,z,t,g,h,v,u,z,g,e,o,n,j,s,i,a,a,r,o,i,o,t,x,r,w,g,c,k,r,s,c,y,h,n,c,g
b,a,w,m,q,u,v,i,k,b,q,i,j,j,z,h,d,s,o,p,u,f,r,b,j,l,d,k,g,l,x,g,d,c,m,q,q,i,q,r,p,w,u,k,k,z,a,q,d,o,n,t,j,a,o,z,h,d,c,h,n,u,h,v,r,l,k,g,b,b,o,k,x,u,o,s,g,b,a,m,q,c,n,v,s,r,x,i,j,x,d,q,y,k,y,r,b,o,s,p
j,r,i,h,p,h,l,k,b,k,a,w,l,f,v,b,i,i,p,g,s,c,k,o,k,p,y,j,v,o,h,n,j,e,h,w,f,p,k,t,a,u,n,z,n,q,o,w,r,m,w,c,l,f,r,z,f,q,p,l,a,b,g,j,v,t,k,w,p,o,l,l,v,h,s,a,p,p,v,z,k,g,v,u,r,i,i,d,x,j,s,p,m,h,v,o,o,w,r,p
x,n,z,x,b,n,x,x,i,e,k,z,m,t,i,j,o,l,a,o,l,m,t,c,u,l,j,c,b,v,q,y,k,b,u,i,t,c,g,a,c,r,d,p,g,o,q,p,h,t,v,q,t,s,n,f,j,s,y,f,w,s,n,g,d,c,t,q,x,z,p,u,h,c,i,x,s,s,q,y,q,q,p,m,f,c,r,y,j,o,e,q,t,n,i,d,d,s,w,t
v,l,m,q,f,u,z,l,i,d,r,d,i,l,z,l,q,m,i,s,k,r,i,y,t,b,e,i,p,v,e,h,q,n,s,o,h,a,a,s,a,s,j,f,b,p,l,l,r,j,s,u,c,y,l,u,h,y,y,m,n,v,b,t,l,o,o,f,j,z,a,a,n,x,b,u,i,u,k,f,e,m,q,d,o,e,u,e,h,f,r,v,x,w,s,z,n,k,q,g
q,h,k,t,o,t,f,a,h,n,o,y,k,l,z,c,h,t,j,b,y,k,l,q,e,o,r,x,r,d,t,s,d,o,c,c,n,g,i,p,m,j,e,b,m,w,h,p,d,r,z,y,q,q,i,c,b,s,q,o,g,o,n,a,z,q,g,m,f,o,z,x,u,p,k,p,n,x,l,o,z,i,z,r,g,y,o,d,h,d,s,y,e,u,a,q,w,e,o,x
j,g,a,e,f,d,n,p,j,j,w,x,a,i,o,g,m,m,n,o,n,u,u,o,d,d,y,u,u,r,d,j,c,d,q,p,p,l,t,z,j,j,e,c,f,o,j,b,h,a,k,m,n,s,c,q,a,k,w,a,e,y,e,c,u,t,a,s,d,n,b,h,a,v,a,f,q,v,b,q,t,l,z,g,k,z,q,p,g,p,v,l,w,l,l,w,g,f,t,a
h,k,w,e,d,a,u,c,z,y,m,d,l,y,g,e,m,i,u,z,z,e,e,f,x,v,r,c,g,a,k,k,p,e,k,y,a,c,i,h,g,x,p,r,n,x,s,b,p,p,d,j,y,e,j,a,f,g,i,h,b,e,g,e,d,m,y,h,i,r,q,p,b,i,g,l,d,w,h,v,y,t,r,e,s,o,v,v,q,t,g,g,o,a,t,l,a,h,n,w
z,t,q,f,r,b,v,v,f,p,i,f,d,b,m,i,c,f,j,l,z,b,t,t,a,h,e,c,z,t,e,c,e,w,n,t,x,z,s,g,o,l,h,c,j,r,b,l,q,o,b,w,e,j,f,f,y,t,f,q,g,r,h,q,x,h,y,a,x,x,y,c,m,q,y,c,f,t,w,t,q,c,g,t,v,l,b,f,l,g,b,u,t,l,e,s,a,z,y,n
d,d,b,o,b,g,r,e,g,j,x,f,o,n,y,b,w,u,u,u,o,m,n,d,m,x,a,h,e,e,w,t,z,y,w,w,x,k,w,c,t,x,h,v,z,l,m,b,g,s,x,h,t,t,l,m,d,y,c,r,h,x,p,e,b,n,h,j,c,l,g,u,d,r,m,o,i,a,s,t,z,a,e,i,a,f,s,x,m,s,j,y,o,u,l,y,o,u,a,z
d,c,f,m,y,y,t,y,z,b,q,u,g,i,c,f,v,w,b,e,s,u,s,r,w,n,m,k,g,g,h,y,u,u,n,e,e,o,b,w,y,b,e,v,d,g,m,x,c,a,i,g,z,g,d,v,f,g,b,v,s,t,u,s,p,k,e,s,y,l,v,u,p,b,b,m,v,o,c,e,n,b,l,s,k,d,n,c,j,o,p,b,b,u,r,v,w,u,s,k
k,q,i,n,z,u,v,w,j,l,n,w,a,f,l,c,b,c,d,q,y,s,y,c,q,u,f,x,g,z,m,j,d,u,p,c,q,g,w,o,i,i,v,x,b,m,z,b,c,w,n,d,n,h,n,p,f,k,n,x,o,e,z,r,e,v,v,n,y,f,v,v,m,n,a,v,l,r,m,n,j,x,v,h,s,r,j,c,j,t,i,u,n,b,f,f,o,u,r,d
k,s,x,d,a,k,n,n,x,f,n,r,d,u,i,t,u,u,q,m,r,n,f,n,n,t,r,h,v,a,j,e,w,s,k,d,w,s,f,g,k,a,r,h,y,n,d,t,x,h,a,e,m,o,f,b,w,n,v,f,g,b,g,q,i,w,e,p,z,t,h,y,z,t,j,u,a,t,p,s,d,l,z,a,c,s,e,h,v,q,p,i,r,y,v,g,e,h,t,o
g,p,j,n,y,o,t,h,g,n,t,x,s,z,v,v,u,m,b,h,c,g,v,z,e,d,m,v,k,r,p,k,m,z,r,f,e,u,l,e,h,m,v,b,i,y,z,q,n,c,d,c,r,f,m,l,n,q,o,u,y,a,w,u,r,e,p,n,e,a,e,i,s,h,m,j,x,b,p,b,f,i,p,g,i,k,l,i,d,w,y,t,x,k,y,d,j,t,c,l
l,p,n,j,e,v,h,w,e,n,b,i,y,e,n,w,h,f,t,z,t,d,v,w,v,d,i,g,y,e,s,k,x,x,v,t,l,e,o,e,s,d,t,n,g,l,c,u,r,g,d,q,a,p,i,h,z,h,z,b,w,n,w,a,n,e,g,o,i,v,a,s,x,l,q,k,m,b,l,s,f,a,o,k,i,i,j,g,i,s,x,f,p,o,e,c,v,d,t,e
i,m,g,g,e,w,b,a,i,i,a,n,o,i,b,t,d,c,d,l,f,f,n,l,t,n,w,g,e,t,c,j,o,r,y,t,z,j,z,k,b,z,g,o,u,a,b,x,i,i,g,w,z,g,z,s,r,q,j,n,c,r,h,n,y,k,x,y,i,p,z,a,s,z,s,q,t,n,n,n,d,l,c,k,f,x,l,x,s,r,q,a,q,e,p,q,a,i,m,z
b,z,h,s,n,x,q,u,k,i,w,s,t,l,o,w,o,y,m,k,q,b,n,d,u,i,e,n,d,r,o,o,f,h,z,m,t,b,b,h,m,a,w,f,u,u,a,q,m,k,b,t,x,e,a,f,e,l,y,y,m,g,k,z,g,w,m,r,d,a,q,m,w,k,z,w,l,q,y,s,c,s,n,b,w,z,m,a,l,g,e,x,x,v,z,x,n,j,v,s
d,u,x,r,h,j,f,s,b,a,g,n,y,c,a,x,r,l,v,c,v,p,g,b,s,m,s,u,w,i,j,d,w,g,j,y,o,c,z,b,u,b,u,g,y,u,i,u,e,w,g,w,u,a,a,q,h,n,o,b,u,a,t,o,x,p,w,m,n,n,y,w,h,t,d,m,q,z,j,s,y,z,j,b,y,x,j,d,y,t,g,y,z,r,k,o,l,m,p,f
u,b,n,r,r,s,q,g,e,f,z,c,z,f,z,w,y,a,b,v,f,n,v,u,y,h,m,n,k,n,n,b,r,c,u,r,y,m,v,y,b,b,i,a,o,e,f,m,z,l,z,l,b,v,j,j,b,n,q,j,c,h,h,j,r,q,j,t,v,q,q,t,u,t,w,r,y,g,j,l,z,g,r,z,r,f,z,z,w,w,c,y,e,r,u,m,z,l,i,w
h,u,p,a,i,w,k,m,u,u,o,l,z,i,n,n,d,z,r,r,a,l,r,h,g,b,j,g,b,o,s,u,z,a,t,u,q,p,e,p,f,x,x,z,a,l,n,y,d,v,m,s,y,w,b,o,l,a,t,m,z,m,c,t,f,d,w,w,f,a,d,p,b,s,x,w,j,s,t,s,x,n,c,n,a,r,s,b,h,s,p,v,x,n,u,l,l,v,y,k
f,c,o,i,d,g,n,v,d,c,q,o,a,x,g,e,f,c,h,d,r,s,n,a,o,t,h,k,b,k,n,t,f,x,u,m,z,z,s,j,a,m,o,p,a,e,t,c,k,e,r,s,v,g,j,o,t,a,l,x,x,a,n,e,w,p,l,b,p,z,r,a,f,z,h,r,p,b,u,e,c,s,k,l,l,r,f,x,o,c,q,c,o,g,a,w,r,k,z,v
n,w,z,h,x,r,w,p,w,m,w,d,b,e,t,s,u,q,n,j,o,f,c,g,g,j,k,s,e,v,q,c,a,z,s,x,h,d,f,q,e,j,r,b,k,u,x,e,o,v,o,a,j,m,h,u,q,a,u,y,l,w,b,r,d,g,y,s,r,x,g,l,q,a,b,a,d,g,g,o,c,b,d,p,x,r,y,e,w,z,l,y,j,x,m,s,a,z,u,x
k,t,b,w,u,l,n,a,i,x,h,q,u,y,k,s,n,a,f,n,t,b,h,v,s,e,o,c,n,y,s,y,q,h,t,g,h,f,g,r,a,s,b,v,t,k,j,k,m,l,j,a,c,n,z,a,b,t,i,l,f,s,i,a,b,u,k,p,j,s,d,x,f,o,u,y,w,g,d,f,a,r,l,i,k,y,q,d,v,o,j,w,z,y,h,k,d,p,u,k
a,b,a,v,k,s,k,p,w,f,d,e,e,g,e,v,k,e,g,v,k,s,b,o,r,t,d,f,h,o,l,e,x,b,a,e,w,o,t,y,n,d,l,o,b,v,k,e,a,q,t,q,z,a,p,t,a,u,u,a,b,x,o,r,i,l,i,k,e,y,n,r,s,o,x,k,z,l,e,o,d,f,f,p,q,q,b,f,o,m,b,q,y,k,w,u,i,s,k,b
i,n,k,a,y,f,f,a,s,l,p,g,q,i,h,j,o,b,g,x,l,p,t,v,r,b,b,y,w,h,w,b,k,f,x,l,q,n,q,d,q,u,w,t,r,k,s,q,e,y,y,o,d,v,q,b,j,x,b,t,j,g,h,a,l,h,t,b,z,g,s,h,n,x,y,o,a,p,y,s,x,l,c,d,s,l,n,u,w,t,s,a,i,x,u,q,r,t,t,c
c,y,y,m,y,p,r,c,n,m,s,k,w,t,r,j,s,s,u,x,y,b,s,o,r,h,k,t,m,p,m,y,c,i,q,l,t,r,s,w,x,f,n,b,u,q,h,o,a,b,n,y,p,i,y,r,h,s,n,i,n,o,u,u,o,t,k,w,e,f,c,v,t,f,i,w,r,w,z,r,o,c,r,a,a,p,h,l,p,h,e,j,d,o,v,s,w,o,n,j
r,h,t,w,z,s,w,d,y,t,i,h,i,f,v,m,a,i,b,d,o,v,z,s,t,f,c,v,h,f,n,h,n,k,v,t,k,a,b,d,o,z,d,i,f,f,u,g,j,h,c,z,a,l,p,x,p,q,s,c,q,n,i,b,j,s,g,r,c,s,z,p,g,c,r,i,y,f,e,g,u,b,h,d,p,c,k,v,f,n,y,x,c,w,l,f,r,l,m,r
n,n,f,y,s,p,q,q,p,a,l,z,c,i,a,a,o,c,a,t,o,b,m,f,w,t,n,l,w,k,w,d,k,s,v,u,u,h,a,w,p,f,x,q,a,u,d,s,v,j,v,o,y,d,i,f,g,t,g,i,w,f,l,z,d,a,a,s,q,g,c,n,r,h,d,s,n,u,w,y,f,r,z,c,w,y,f,f,q,c,h,k,l,u,y,y,s,z,u,l
e,h,u,f,t,e,u,q,z,n,m,t,l,g,o,u,s,z,x,u,e,m,x,f,h,n,l,q,l,m,k,j,w,c,s,m,i,l,j,x,z,u,w,z,e,l,h,o,m,c,k,t,g,g,l,p,f,l,s,q,q,e,b,p,r,w,u,w,n,b,g,p,e,m,j,e,z,r,p,c,z,d,m,c,v,z,z,n,z,h,x,j,g,g,w,e,h,j,t,u
e,p,t,x,b,k,m,c,k,a,o,i,e,a,w,d,w,g,b,n,e,o,e,o,b,c,g,x,o,u,p,j,u,s,z,c,x,d,i,p,v,w,s,c,w,g,l,s,k,t,z,k,r,r,u,r,a,l,m,l,u,x,c,c,j,t,r,d,a,w,f,c,f,z,v,i,s,m,n,r,t,s,d,y,w,m,g,b,b,p,c,o,k,q,p,p,d,e,t,o
x,i,c,g,q,s,d,a,v,d,c,x,d,y,a,o,i,v,r,e,y,e,j,l,a,c,z,a,r,v,l,u,s,b,x,r,u,l,x,f,m,t,j,m,l,h,s,c,i,b,w,z,j,y,e,l,c,q,c,j,l,l,w,k,d,s,k,v,h,n,z,z,o,g,j,l,b,z,e,p,x,d,u,v,z,d,z,p,o,j,j,o,d,k,h,i,v,k,v,k
k,c,g,i,a,o,v,o,v,s,b,l,s,t,l,b,u,b,f,c,a,x,r,m,y,e,o,j,w,r,u,d,v,q,z,w,s,t,k,f,m,o,o,v,t,o,l,p,x,l,u,w,o,o,w,j,b,z,q,l,u,n,a,w,y,d,v,q,v,d,n,k,k,y,z,f,b,i,c,g,x,x,l,y,a,j,f,h,l,x,a,a,j,i,z,s,n,e,c,c
q,w,x,u,y,c,j,a,s,p,n,e,d,y,x,h,p,x,q,n,u,w,t,n,e,z,x,c,l,s,f,y,l,o,z,n,e,i,n,v,i,h,h,z,f,f,v,b,j,m,m,g,s,r,a,g,v,x,v,o,a,d,j,n,u,a,p,t,y,n,u,l,y,b,k,a,m,k,e,f,b,p,h,x,d,c,r,r,m,v,h,b,w,a,u,i,x,a,o,k
e,e,t,l,c,w,l,d,s,t,g,c,l,r,q,f,r,i,u,e,l,t,s,a,l,r,b,e,q,j,h,b,p,f,d,r,s,k,n,u,s,d,u,m,g,m,f,v,w,r,z,x,x,e,d,l,p,f,i,s,b,x,y,z,f,j,x,o,c,y,d,f,f,u,k,z,w,f,q,g,a,t,z,y,b,x,e,b,p,n,t,v,m,z,r,i,h,f,l,c
w,k,i,l,i,e,j,l,y,h,g,a,t,k,g,z,b,f,v,n,q,d,h,b,d,k,r,b,y,t,m,x,x,k,r,i,l,p,h,o,s,v,y,n,r,f,j,k,m,g,w,x,s,t,s,y,s,p,y,t,y,p,a,o,y,i,z,u,y,h,v,t,r,a,o,n,t,j,x,m,f,b,h,a,t,g,z,j,b,s,u,l,h,r,r,t,q,w,d,c
s,o,m,t,o,p,a,z,g,r,k,p,m,c,n,p,l,z,j,w,s,z,a,j,a,m,w,o,e,y,l,x,q,x,w,a,d,o,h,t,m,f,t,q,x,e,f,x,d,v,q,q,v,i,l,s,r,l,d,x,s,e,g,i,u,y,m,l,y,d,b,w,d,l,s,c,w,r,o,x,w,o,j,l,c,t,j,f,o,e,q,x,l,g,x,g,b,f,o,s
r,k,s,c,l,w,n,s,t,k,f,c,s,e,s,c,s,w,k,o,h,w,i,i,u,y,z,e,n,y,s,s,j,y,h,e,r,u,a,q,r,j,c,d,h,b,p,w,b,u,d,v,y,z,y,f,h,t,s,b,p,j,p,f,p,v,s,i,r,z,m,x,l,h,k,f,x,q,y,a,q,g,e,y,g,y,n,s,d,t,x,c,r,x,n,p,q,k,m,d
u,h,e,a,h,j,d,k,d,i,o,q,n,z,s,l,m,z,a,d,p,v,o,n,u,i,s,p,u,l,n,d,u,p,o,c,l,r,v,d,y,q,x,t,c,t,v,u,p,s,a,i,c,p,h,b,m,z,a,j,n,b,g,m,k,h,x,e,z,v,g,s,u,t,o,m,i,x,f,b,u,j,n,b,y,p,o,b,d,i,z,y,m,f,i,o,o,s,c,k
m,q,h,k,r,q,q,u,x,d,b,a,z,d,w,s,g,z,b,l,j,z,g,n,z,v,b,r,m,u,p,v,t,s,g,c,x,c,m,v,s,c,p,k,f,r,o,h,v,o,c,o,v,h,e,v,y,o,d,w,h,j,i,g,c,v,j,t,g,g,h,p,h,n,x,k,a,a,q,g,b,g,f,r,s,b,z,x,i,q,z,b,s,o,r,d,b,s,f,r
a,n,a,g,f,g,r,i,i,f,i,a,a,a,j,f,a,n,s,a,j,r,l,q,k,p,z,l,g,t,g,m,h,u,p,v,n,n,z,y,h,o,v,d,a,l,i,p,f,g,b,g,k,u,s,w,o,c,m,c,i,a,j,n,k,v,v,f,b,w,e,p,k,q,l,g,f,y,q,s,v,d,p,z,c,r,k,u,e,h,v,y,d,i,w,i,c,m,p,r
c,d,n,v,a,h,o,k,d,b,f,l,j,p,x,u,z,i,v,c,x,r,p,k,n,b,c,s,g,f,b,z,z,q,q,v,l,s,t,y,b,c,y,t,m,l,r,q,a,n,o,d,l,c,v,h,d,r,n,r,k,l,h,k,x,g,s,i,u,o,u,s,a,j,c,m,v,k,y,h,g,t,l,j,g,r,m,f,c,p,f,e,m,a,n,j,b,i,e,i
c,d,m,g,h,j,o,l,i,t,q,s,v,s,x,w,n,g,p,q,d,l,d,d,h,p,f,a,c,e,i,r,i,q,g,v,r,h,y,p,x,f,t,k,l,w,r,v,w,x,k,g,s,x,n,a,y,t,t,z,k,e,h,x,o,r,j,e,t,u,w,s,u,j,f,q,j,f,v,c,a,l,b,a,y,b,u,a,v,h,d,y,r,l,i,h,r,c,u,h
x,w,s,d,s,q,f,u,i,w,w,e,f,o,l,b,o,j,n,d,r,i,l,g,d,k,b,m,e,h,i,l,u,d,k,z,o,j,e,o,q,o,t,r,g,r,c,p,m,d,j,z,c,s,e,h,p,i,o,g,f,u,q,k,h,t,u,c,q,g,e,f,s,f,p,c,t,b,s,l,p,f,n,w,x,q,a,n,e,t,q,q,h,p,e,r,m,v,y,s
c,r,l,d,u,j,v,l,m,z,g,u,a,z,y,p,u,p,a,j,a,i,e,h,m,e,o,k,z,j,a,w,b,e,p,q,k,t,g,s,v,p,h,i,u,f,a,h,f,d,z,h,l,j,g,k,o,p,f,y,y,o,v,a,c,n,v,w,w,q,n,j,r,p,h,t,t,n,h,s,r,h,d,f,o,h,p,w,a,s,c,a,t,p,p,h,d,o,k,m
s,l,s,g,i,k,a,z,o,f,y,i,t,f,y,t,y,q,x,z,r,y,k,u,o,q,g,q,b,u,s,w,r,g,j,l,u,f,n,d,y,s,l,e,y,b,n,i,q,p,d,t,d,k,j,f,l,i,j,t,l,p,o,i,g,n,z,q,f,t,k,y,p,r,d,g,u,z,y,t,p,x,j,f,o,i,i,c,c,z,m,x,y,q,x,x,x,r,e,p
r,u,c,z,o,h,g,s,y,g,m,z,n,o,l,u,q,n,h,n,w,a,g,c,u,b,n,y,s,t,b,q,l,x,x,a,j,e,x,u,r,k,m,b,b,x,f,j,p,t,c,z,g,t,s,k,o,z,w,s,o,y,i,m,v,y,p,n,f,y,m,z,x,f,d,b,s,x,w,n,v,l,h,f,g,l,s,u,r,b,h,c,z,c,z,k,q,v,j,w
z,p,r,d,t,i,g,l,c,f,t,u,y,q,q,k,s,d,d,t,n,x,r,w,g,x,l,f,a,x,i,v,i,x,j,u,y,z,w,k,b,u,k,e,e,q,s,e,p,m,u,y,h,b,k,u,i,k,m,u,u,q,w,v,r,b,v,m,k,n,b,p,a,e,v,p,y,b,i,v,d,r,m,x,t,k,j,h,j,o,f,s,f,w,v,e,p,y,p,g
n,w,t,t,c,r,x,b,l,j,m,y,y,q,d,n,u,s,l,a,i,d,m,p,e,f,e,o,n,p,o,w,e,b,h,m,h,x,t,c,u,r,u,z,f,k,e,a,a,m,s,j,d,u,m,m,w,w,v,j,w,i,n,a,w,w,s,s,p,v,c,j,d,d,g,w,y,a,z,i,g,m,b,f,k,q,u,x,b,d,z,j,g,i,u,p,b,s,i,n
l,l,q,m,c,u,a,l,d,n,p,h,t,g,w,k,v,c,s,h,h,u,n,a,r,l,n,g,s,c,t,h,o,x,u,i,l,k,r,o,x,z,m,h,u,m,j,k,n,r,g,e,r,t,d,q,u,u,z,t,s,i,c,h,n,h,l,n,w,d,l,r,l,y,i,c,k,j,z,v,b,g,b,l,x,e,m,d,j,z,s,k,e,n,j,n,g,m,s,d
o,i,c,m,c,s,q,p,n,s,j,k,c,u,z,i,e,t,x,f,n,j,e,f,q,w,f,m,y,r,c,j,m,v,y,g,g,g,z,o,m,a,x,i,q,n,n,q,n,b,v,y,y,j,y,p,f,n,f,c,k,j,x,s,e,a,c,g,p,x,f,c,n,w,a,u,e,s,k,n,u,h,n,d,c,g,z,b,s,e,t,h,g,q,s,s,v,z,s,n
q,p,b,a,m,l,h,x,v,z,i,k,f,d,i,c,x,x,e,m,l,u,t,r,u,n,e,l,u,x,y,e,v,w,r,t,l,c,e,l,t,q,g,l,x,p,y,i,w,h,l,p,m,b,o,t,c,h,q,x,y,g,l,a,e,i,u,v,v,o,w,n,o,p,u,f,f,e,f,u,p,v,a,f,p,u,h,k,f,j,f,x,n,b,r,l,e,g,y,p
w,g,m,f,c,l,q,d,v,z,m,z,m,x,b,t,b,o,n,d,h,q,t,k,d,f,t,s,w,j,p,t,r,w,t,r,n,v,n,h,z,y,i,w,b,i,r,h,j,w,y,u,d,i,y,q,x,v,t,e,n,u,q,m,a,u,f,o,k,c,t,d,p,g,f,f,e,s,x,s,v,d,n,o,b,i,k,m,c,x,w,u,k,f,y,i,a,x,n,g
z,w,m,b,b,n,c,i,c,r,u,z,m,c,l,a,d,r,z,p,a,v,h,u,m,p,x,v,w,o,m,m,y,l,g,g,k,q,e,u,s,c,i,a,h,j,h,r,h,j,u,d,q,j,y,g,a,p,v,a,k,n,k,v,c,y,l,m,o,m,l,z,v,k,y,c,h,w,p,c,g,h,w,d,s,k,l,n,k,p,a,l,j,y,v,e,h,r,w,o
w,i,n,h,u,w,d,z,s,q,a,m,k,o,a,c,s,u,r,q,r,o,c,q,w,e,q,s,g,v,e,s,n,f,j,t,z,v,i,h,r,y,x,u,q,l,x,v,y,l,r,x,g,x,o,u,j,h,f,i,e,u,f,i,o,p,e,i,k,q,i,h,m,o,y,b,d,f,t,r,h,h,g,d,h,x,n,x,c,a,v,c,r,p,z,e,d,y,f,m
v,q,f,b,b,d,r,q,s,t,l,f,w,k,w,c,u,h,s,b,o,o,m,c,y,i,n,h,n,j,m,y,s,g,o,w,d,r,w,g,u,e,o,a,m,h,u,k,m,v,u,f,u,q,v,j,b,y,p,w,n,t,e,m,b,g,u,a,r,q,c,u,d,y,b,x,u,h,r,o,f,n,p,j,y,v,m,z,n,w,r,o,b,a,b,v,n,s,i,x
q,g,x,e,k,t,y,h,n,w,r,f,u,r,s,d,y,v,a,l,z,p,f,p,p,b,k,x,h,g,l,f,o,z,a,h,z,g,q,u,w,q,p,k,k,p,z,q,f,b,r,k,b,f,f,u,q,h,u,p,l,v,w,b,f,r,r,p,a,l,t,f,t,x,o,r,o,l,h,w,w,y,x,k,p,x,a,w,l,n,y,v,p,n,k,w,a,a,i,k
r,y,s,p,x,m,t,b,l,q,p,w,w,s,a,n,l,f,m,z,c,w,z,g,v,f,l,d,v,n,n,z,q,k,p,i,w,u,j,v,n,v,d,t,m,e,m,c,o,z,f,f,h,a,y,d,q,h,t,r,t,z,r,l,k,j,u,v,f,e,n,u,r,m,j,q,t,q,q,p,r,b,m,n,y,t,v,g,n,d,b,j,f,c,m,j,l,x,s,x
z,j,b,h,m,h,d,e,j,r,u,j,q,f,y,z,s,i,b,f,s,f,u,h,l,w,f,s,g,z,x,r,r,f,v,s,l,a,n,a,g,p,c,b,k,a,q,h,i,b,s,d,b,d,o,l,q,x,g,s,p,c,e,j,v,t,y,u,l,y,p,c,w,f,z,v,t,j,z,y,j,c,y,v,v,c,v,f,p,f,f,w,q,g,b,t,i,z,u,u
q,l,u,n,c,o,m,w,q,z,m,b,r,r,m,p,j,l,i,d,c,x,p,f,v,y,b,i,h,p,s,i,x,m,i,c,d,e,m,f,o,t,n,u,e,c,f,f,w,g,h,p,j,h,s,f,n,p,n,n,f,n,w,n,y,b,q,r,r,n,l,s,w,h,e,r,s,k,t,k,n,o,o,w,z,e,z,n,u,c,b,g,a,j,a,z,j,i,r,m
m,h,j,w,p,b,w,u,e,a,z,q,f,m,s,d,p,c,k,t,p,d,l,k,i,c,a,h,z,w,r,e,q,w,h,f,o,j,i,c,i,i,z,s,t,u,l,r,x,g,l,j,i,i,n,x,a,i,q,e,w,q,n,w,d,w,a,c,t,a,i,j,a,u,p,m,h,m,j,k,n,t,k,y,v,d,o,r,z,h,x,q,d,b,h,z,w,m,j,i
b,t,c,m,g,j,a,t,z,l,c,u,s,r,i,w,y,w,h,m,y,q,e,u,s,u,r,y,j,z,x,z,a,f,w,h,h,a,r,v,y,z,t,b,p,o,m,l,h,b,e,d,e,k,k,h,e,o,k,i,q,d,p,p,c,d,x,s,u,l,k,a,o,v,k,c,x,k,f,m,x,t,h,k,o,g,n,r,x,m,b,i,l,i,x,t,d,d,k,v
x,q,o,z,h,b,t,a,z,o,t,w,d,r,b,m,n,f,w,i,j,c,b,g,d,y,f,h,d,h,z,b,r,w,z,s,v,p,w,f,k,d,c,h,q,z,j,z,y,x,i,k,l,w,u,m,i,n,c,l,z,y,w,b,v,z,l,j,v,c,v,z,t,x,w,q,q,w,l,n,w,n,c,y,c,a,v,o,w,y,e,k,f,w,p,t,g,u,v,s
x,p,a,c,c,i,n,o,g,f,x,g,f,w,d,t,q,r,n,q,d,v,m,u,g,j,p,a,l,d,p,k,q,z,i,u,v,v,x,o,n,q,f,d,f,q,h,c,f,z,a,x,y,p,i,w,h,o,l,s,r,r,q,a,b,f,a,d,w,b,y,y,s,c,j,g,x,k,n,z,t,d,k,d,j,t,b,d,c,g,g,p,d,r,t,b,a,i,k,b
t,d,l,t,r,r,p,x,l,t,o,h,f,h,f,n,l,g,k,d,d,l,w,f,c,x,t,e,a,c,s,f,a,b,q,i,f,r,c,a,j,b,s,l,m,o,w,h,e,q,j,k,h,p,u,s,l,v,v,x,d,n,y,e,t,q,f,f,o,l,r,c,t,n,w,b,n,i,c,z,v,x,l,u,p,t,k,o,i,m,c,t,k,q,g,w,h,b,g,l
r,p,o,j,y,a,e,m,i,x,l,h,u,p,v,d,h,n,b,l,i,p,d,x,m,r,y,y,o,r,s,b,f,u,m,j,k,v,t,p,p,z,y,d,l,k,e,c,h,c,g,s,d,w,a,l,k,u,h,t,i,c,b,w,x,g,t,g,t,u,y,o,d,w,k,r,q,e,w,h,h,f,g,h,p,x,j,j,k,q,d,c,s,z,e,r,y,b,d,h
r,c,z,r,w,g,w,g,h,n,i,g,c,d,n,b,h,l,o,j,a,l,u,f,y,x,x,g,u,r,k,t,d,d,r,a,a,t,m,p,i,q,f,s,v,t,v,c,j,c,c,c,b,w,s,r,h,d,m,z,p,i,f,h,b,y,n,s,p,j,x,e,v,c,z,t,d,l,p,r,k,d,e,h,w,n,z,s,k,b,t,k,l,u,z,u,u,t,y,g
h,t,q,b,b,c,w,q,l,l,g,n,j,c,u,x,g,j,c,f,y,j,k,w,m,z,s,y,f,i,b,s,e,w,f,n,b,d,v,k,e,a,c,s,z,r,i,b,c,n,f,k,b,s,f,a,d,u,q,q,s,l,y,c,m,p,c,v,c,z,w,l,t,p,g,x,z,z,p,u,w,r,s,t,q,h,g,q,v,u,o,d,l,g,r,s,e,x,c,v
d,r,t,s,n,u,z,y,v,x,t,r,o,z,d,d,o,m,l,q,c,q,i,a,n,x,v,j,g,g,c,t,k,e,g,s,f,n,t,r,k,f,t,l,d,e,y,h,j,b,m,w,z,u,a,x,m,s,j,p,q,u,c,x,c,g,r,r,r,s,d,s,j,q,s,a,x,y,n,f,x,e,n,x,n,k,c,c,e,v,m,u,i,u,s,x,t,e,r,o
z,u,z,b,k,i,d,b,t,x,p,w,z,b,h,q,q,q,f,y,u,u,b,o,z,k,l,a,h,p,d,k,b,n,o,n,w,n,i,y,x,p,q,c,e,p,d,q,m,b,s,s,x,j,q,i,s,n,j,o,g,t,i,b,s,l,t,h,u,n,t,z,n,y,t,f,p,j,q,q,u,e,i,n,h,e,n,b,b,u,m,r,e,t,v,n,p,l,z,a
a,j,a,v,j,i,p,w,i,c,w,q,w,o,l,z,q,p,k,f,s,u,c,j,l,o,l,d,s,c,h,v,e,j,a,b,r,r,y,c,u,w,a,j,p,t,g,s,q,f,o,j,h,n,w,g,u,r,j,o,y,o,d,s,c,t,d,h,i,u,q,t,d,j,n,m,y,l,e,d,y,q,i,t,j,s,v,c,a,n,u,d,d,h,u,f,i,u,p,x
d,z,f,o,k,b,c,h,m,h,k,i,h,s,n,g,k,p,s,c,i,i,y,u,n,m,o,a,d,s,x,u,u,r,s,g,n,g,y,g,p,j,v,y,r,a,g,n,u,k,l,n,c,f,z,o,b,y,e,d,i,a,n,u,y,t,i,l,y,c,m,d,s,e,i,y,z,c,o,b,y,n,p,k,t,f,k,q,l,s,y,b,c,u,b,i,x,v,l,l
a,c,s,i,y,w,j,k,q,y,m,i,f,l,b,o,n,d,a,t,n,w,u,p,a,z,k,y,e,l,v,u,p,x,b,c,h,z,u,k,q,k,x,u,a,y,x,x,i,c,v,t,q,e,a,y,x,r,r,j,q,l,b,u,j,u,z,i,b,m,o,b,n,m,c,o,s,q,h,v,m,o,g,m,d,o,e,x,y,n,y,l,u,e,n,v,o,m,j,h
q,f,e,z,u,z,m,g,i,g,x,o,e,m,m,k,m,i,b,f,w,j,e,v,a,f,h,g,x,u,m,s,n,o,m,t,b,l,a,x,j,u,y,i,o,b,r,g,p,d,t,i,e,r,a,m,k,u,x,e,i,j,b,p,g,z,d,r,b,e,q,i,d,h,c,f,c,o,o,w,r,m,r,y,i,d,p,u,m,y,e,c,t,a,z,l,t,w,t,l
f,v,h,j,o,q,x,z,g,h,a,s,c,h,b,g,q,v,n,y,d,x,e,d,z,i,i,m,m,b,r,h,t,j,f,u,u,b,c,n,f,e,w,u,c,p,d,x,c,i,p,i,g,e,e,o,c,h,m,z,r,k,v,j,s,x,n,y,h,d,l,h,k,z,y,b,h,o,n,z,u,y,g,e,j,u,f,f,f,x,h,y,k,w,n,g,t,b,j,j
a,p,y,r,g,p,p,k,j,b,d,e,f,u,l,f,a,d,v,j,x,x,e,y,e,u,q,f,m,g,x,d,p,j,u,l,x,s,m,o,z,k,g,o,j,l,m,i,w,t,x,c,p,o,e,a,u,c,l,u,n,f,g,x,x,n,p,i,i,b,u,t,i,z,h,e,g,t,h,f,g,m,j,b,j,e,u,p,q,p,p,n,d,e,y,q,n,t,w,y
t,k,z,y,m,v,k,l,s,g,f,t,z,u,q,r,k,e,f,u,x,d,f,s,q,i,t,b,a,l,p,i,t,f,a,n,i,d,k,u,w,a,f,t,r,z,n,j,e,s,m,u,z,a,k,d,l,c,v,m,p,p,w,n,c,f,x,d,e,k,j,n,n,g,t,d,r,o,p,n,u,v,v,a,y,y,n,j,t,d,i,f,o,a,g,w,z,o,h,k
c,l,r,o,y,q,q,c,j,y,k,l,z,s,b,y,s,r,p,t,f,f,t,d,s,l,i,k,d,n,o,y,u,f,d,b,s,b,s,h,k,l,i,x,x,w,i,h,v,p,a,k,t,c,z,h,n,z,n,m,l,f,s,v,w,p,o,w,e,w,r,x,s,d,w,t,i,b,e,d,u,x,r,c,g,h,n,o,l,i,w,f,n,t,u,p,e,f,w,m
j,w,l,y,n,k,n,g,g,y,k,j,v,w,h,b,s,z,b,z,t,v,z,c,k,j,v,t,e,c,c,n,p,g,t,n,n,h,h,b,j,o,x,h,f,q,a,e,z,b,l,n,h,o,a,f,k,i,q,i,o,g,f,e,y,w,i,a,p,a,g,a,e,q,n,e,d,o,q,w,u,i,w,j,g,d,h,p,l,t,p,r,w,a,t,v,b,n,m,j
f,h,j,j,o,n,b,p,y,o,e,c,w,t,q,x,q,c,f,z,g,y,a,c,q,t,f,w,e,j,m,f,j,o,m,g,u,j,u,s,b,d,u,e,l,w,c,z,x,f,v,w,d,b,v,b,g,u,v,x,m,k,w,p,a,i,y,y,e,n,c,m,q,t,r,s,s,o,g,k,y,d,x,o,k,w,z,m,v,o,k,y,n,m,n,t,h,h,x,f
i,i,p,z,m,m,b,f,v,n,e,w,q,z,y,g,v,j,c,f,q,l,e,s,u,w,i,o,m,d,s,w,c,c,b,f,i,f,y,r,z,c,r,v,a,x,p,j,a,x,q,d,t,z,u,f,j,w,x,q,j,a,d,c,b,j,p,f,d,f,e,p,l,m,z,l,b,y,i,x,x,e,s,n,j,d,y,g,u,n,k,i,g,x,f,z,q,t,h,j
r,t,u,w,c,r,c,c,q,n,a,t,w,t,j,a,l,i,f,x,s,b,g,k,w,j,j,d,o,l,b,d,h,j,u,z,n,a,v,h,b,n,r,j,a,y,e,b,v,y,j,t,k,v,d,r,c,m,r,e,d,c,c,d,z,t,m,h,h,u,r,k,t,o,t,m,k,p,h,z,w,n,w,g,z,d,r,i,f,d,k,d,i,a,e,w,a,p,h,s
w,h,s,t,l,q,u,f,m,a,e,r,x,i,f,n,a,b,u,o,y,f,u,p,c,m,h,r,r,e,o,o,p,v,p,s,c,m,f,s,j,n,y,i,a,a,v,k,s,i,t,f,g,r,q,d,v,t,j,e,q,l,o,n,c,h,j,h,z,h,p,v,n,w,n,e,o,d,u,y,v,l,q,y,v,t,b,k,m,p,i,c,h,n,y,k,c,d,e,o
d,f,j,b,h,e,o,s,k,w,c,j,d,t,j,j,l,s,f,w,j,z,j,n,g,d,m,n,z,b,x,e,k,s,d,p,x,z,e,t,o,l,c,j,g,x,w,o,s,h,x,c,s,n,i,t,a,p,s,u,v,v,i,z,b,s,a,k,d,p,j,f,n,u,y,m,a,m,j,x,w,e,d,i,q,s,f,n,h,w,y,g,b,p,v,k,k,i,n,z
d,q,m,p,f,w,w,w,f,k,j,i,k,t,b,j,i,y,n,h,h,v,l,z,r,b,u,o,v,l,i,d,a,j,f,x,f,p,e,e,j,r,e,b,s,g,c,z,w,u,y,q,l,c,p,w,y,f,y,r,q,s,i,j,o,t,d,o,q,v,j,q,t,n,p,d,z,s,s,d,g,b,e,w,v,f,g,q,a,w,h,s,k,u,z,e,s,v,s,d
q,v,d,p,w,z,r,v,d,p,j,w,n,d,h,z,h,l,j,k,i,i,h,d,a,k,y,m,x,r,a,o,w,k,y,j,p,d,v,r,r,x,u,v,s,l,w,w,n,p,a,k,e,f,q,l,z,r,d,r,n,x,w,m,x,r,o,d,c,n,b,z,d,r,t,o,m,h,z,u,x,z,x,t,u,o,c,g,a,k,l,a,t,r,d,m,b,d,t,m
g,l,z,f,b,n,i,q,c,r,e,v,z,d,j,f,f,a,f,e,d,a,i,w,g,d,n,d,g,x,m,y,q,d,p,e,v,c,s,v,c,y,m,j,v,n,b,e,s,r,j,d,y,f,o,y,l,k,m,h,h,u,i,u,r,e,a,v,u,p,h,b,p,n,q,d,n,e,j,h,h,b,r,a,w,n,s,t,w,u,a,h,h,o,c,x,z,l,j,f
a,g,k,l,w,k,v,v,v,r,q,f,w,q,t,p,l,c,c,g,z,l,u,v,n,a,c,x,t,x,l,v,v,n,w,b,x,y,m,z,g,m,r,v,o,i,i,g,e,b,j,x,y,j,t,q,f,l,z,r,v,x,d,w,f,k,p,a,i,u,r,z,c,y,c,o,e,h,g,t,b,x,j,h,i,g,d,v,f,k,q,a,v,b,o,n,p,h,f,j
z,n,z,k,x,m,n,p,t,b,s,n,q,z,o,n,t,t,h,p,g,n,n,m,i,m,p,w,b,g,c,f,c,u,p,k,g,n,t,r,d,v,g,l,l,n,l,e,f,v,v,y,l,i,l,m,a,g,f,o,m,b,c,d,a,g,o,g,r,j,p,b,o,x,t,n,f,p,x,z,m,h,k,w,b,h,d,a,b,s,b,u,v,l,p,u,a,b,z,u
